seq,folio,filename,canvas uri
1,001r,CF-014,https://images.simssa.ca/iiif/manuscripts/cdn-hsmu-m2149l4/canvas/folio-001r.json
2,001v,CF-522,https://images.simssa.ca/iiif/manuscripts/cdn-hsmu-m2149l4/canvas/folio-001v.json
3,002r,CF-005,https://images.simssa.ca/iiif/manuscripts/cdn-hsmu-m2149l4/canvas/folio-002r.json
4,002v,CF-528,https://images.simssa.ca/iiif/manuscripts/cdn-hsmu-m2149l4/canvas/folio-002v.json
5,003r,CF-010,https://images.simssa.ca/iiif/manuscripts/cdn-hsmu-m2149l4/canvas/folio-003r.json
6,003v,CF-527,https://images.simssa.ca/iiif/manuscripts/cdn-hsmu-m2149l4/canvas/folio-003v.json
7,004r,CF-009,https://images.simssa.ca/iiif/manuscripts/cdn-hsmu-m2149l4/canvas/folio-004r.json
8,004v,CF-526,https://images.simssa.ca/iiif/manuscripts/cdn-hsmu-m2149l4/canvas/folio-004v.json
9,005r,CF-011,https://images.simssa.ca/iiif/manuscripts/cdn-hsmu-m2149l4/canvas/folio-005r.json
10,005v,CF-525,https://images.simssa.ca/iiif/manuscripts/cdn-hsmu-m2149l4/canvas/folio-005v.json
11,006r,CF-012,https://images.simssa.ca/iiif/manuscripts/cdn-hsmu-m2149l4/canvas/folio-006r.json
12,006v,CF-524,https://images.simssa.ca/iiif/manuscripts/cdn-hsmu-m2149l4/canvas/folio-006v.json
13,007r,CF-013,https://images.simssa.ca/iiif/manuscripts/cdn-hsmu-m2149l4/canvas/folio-007r.json
14,007v,CF-523,https://images.simssa.ca/iiif/manuscripts/cdn-hsmu-m2149l4/canvas/folio-007v.json
15,008r,CF-015,https://images.simssa.ca/iiif/manuscripts/cdn-hsmu-m2149l4/canvas/folio-008r.json
16,008v,CF-517,https://images.simssa.ca/iiif/manuscripts/cdn-hsmu-m2149l4/canvas/folio-008v.json
17,009r,CF-016,https://images.simssa.ca/iiif/manuscripts/cdn-hsmu-m2149l4/canvas/folio-009r.json
18,009v,CF-516,https://images.simssa.ca/iiif/manuscripts/cdn-hsmu-m2149l4/canvas/folio-009v.json
19,010r,CF-017,https://images.simssa.ca/iiif/manuscripts/cdn-hsmu-m2149l4/canvas/folio-010r.json
20,010v,CF-515,https://images.simssa.ca/iiif/manuscripts/cdn-hsmu-m2149l4/canvas/folio-010v.json
21,011r,CF-018,https://images.simssa.ca/iiif/manuscripts/cdn-hsmu-m2149l4/canvas/folio-011r.json
22,011v,CF-514,https://images.simssa.ca/iiif/manuscripts/cdn-hsmu-m2149l4/canvas/folio-011v.json
23,012r,CF-019,https://images.simssa.ca/iiif/manuscripts/cdn-hsmu-m2149l4/canvas/folio-012r.json
24,012v,CF-513,https://images.simssa.ca/iiif/manuscripts/cdn-hsmu-m2149l4/canvas/folio-012v.json
25,013r,CF-020,https://images.simssa.ca/iiif/manuscripts/cdn-hsmu-m2149l4/canvas/folio-013r.json
26,013v,CF-512,https://images.simssa.ca/iiif/manuscripts/cdn-hsmu-m2149l4/canvas/folio-013v.json
27,014r,CF-024,https://images.simssa.ca/iiif/manuscripts/cdn-hsmu-m2149l4/canvas/folio-014r.json
28,014v,CF-511,https://images.simssa.ca/iiif/manuscripts/cdn-hsmu-m2149l4/canvas/folio-014v.json
29,015r,CF-025,https://images.simssa.ca/iiif/manuscripts/cdn-hsmu-m2149l4/canvas/folio-015r.json
30,015v,CF-510,https://images.simssa.ca/iiif/manuscripts/cdn-hsmu-m2149l4/canvas/folio-015v.json
31,016r,CF-026,https://images.simssa.ca/iiif/manuscripts/cdn-hsmu-m2149l4/canvas/folio-016r.json
32,016v,CF-509,https://images.simssa.ca/iiif/manuscripts/cdn-hsmu-m2149l4/canvas/folio-016v.json
33,017r,CF-027,https://images.simssa.ca/iiif/manuscripts/cdn-hsmu-m2149l4/canvas/folio-017r.json
34,017v,CF-508,https://images.simssa.ca/iiif/manuscripts/cdn-hsmu-m2149l4/canvas/folio-017v.json
35,018r,CF-028,https://images.simssa.ca/iiif/manuscripts/cdn-hsmu-m2149l4/canvas/folio-018r.json
36,018v,CF-507,https://images.simssa.ca/iiif/manuscripts/cdn-hsmu-m2149l4/canvas/folio-018v.json
37,019r,CF-029,https://images.simssa.ca/iiif/manuscripts/cdn-hsmu-m2149l4/canvas/folio-019r.json
38,019v,CF-506,https://images.simssa.ca/iiif/manuscripts/cdn-hsmu-m2149l4/canvas/folio-019v.json
39,020r,CF-030,https://images.simssa.ca/iiif/manuscripts/cdn-hsmu-m2149l4/canvas/folio-020r.json
40,020v,CF-505,https://images.simssa.ca/iiif/manuscripts/cdn-hsmu-m2149l4/canvas/folio-020v.json
41,021r,CF-031,https://images.simssa.ca/iiif/manuscripts/cdn-hsmu-m2149l4/canvas/folio-021r.json
42,021v,CF-504,https://images.simssa.ca/iiif/manuscripts/cdn-hsmu-m2149l4/canvas/folio-021v.json
43,022r,CF-032,https://images.simssa.ca/iiif/manuscripts/cdn-hsmu-m2149l4/canvas/folio-022r.json
44,022v,CF-503,https://images.simssa.ca/iiif/manuscripts/cdn-hsmu-m2149l4/canvas/folio-022v.json
45,023r,CF-033,https://images.simssa.ca/iiif/manuscripts/cdn-hsmu-m2149l4/canvas/folio-023r.json
46,023v,CF-502,https://images.simssa.ca/iiif/manuscripts/cdn-hsmu-m2149l4/canvas/folio-023v.json
47,024r,CF-034,https://images.simssa.ca/iiif/manuscripts/cdn-hsmu-m2149l4/canvas/folio-024r.json
48,024v,CF-501,https://images.simssa.ca/iiif/manuscripts/cdn-hsmu-m2149l4/canvas/folio-024v.json
49,025r,CF-035,https://images.simssa.ca/iiif/manuscripts/cdn-hsmu-m2149l4/canvas/folio-025r.json
50,025v,CF-500,https://images.simssa.ca/iiif/manuscripts/cdn-hsmu-m2149l4/canvas/folio-025v.json
51,026r,CF-036,https://images.simssa.ca/iiif/manuscripts/cdn-hsmu-m2149l4/canvas/folio-026r.json
52,026v,CF-499,https://images.simssa.ca/iiif/manuscripts/cdn-hsmu-m2149l4/canvas/folio-026v.json
53,027r,CF-037,https://images.simssa.ca/iiif/manuscripts/cdn-hsmu-m2149l4/canvas/folio-027r.json
54,027v,CF-498,https://images.simssa.ca/iiif/manuscripts/cdn-hsmu-m2149l4/canvas/folio-027v.json
55,028r,CF-038,https://images.simssa.ca/iiif/manuscripts/cdn-hsmu-m2149l4/canvas/folio-028r.json
56,028v,CF-497,https://images.simssa.ca/iiif/manuscripts/cdn-hsmu-m2149l4/canvas/folio-028v.json
57,029r,CF-039,https://images.simssa.ca/iiif/manuscripts/cdn-hsmu-m2149l4/canvas/folio-029r.json
58,029v,CF-496,https://images.simssa.ca/iiif/manuscripts/cdn-hsmu-m2149l4/canvas/folio-029v.json
59,030r,CF-040,https://images.simssa.ca/iiif/manuscripts/cdn-hsmu-m2149l4/canvas/folio-030r.json
60,030v,CF-495,https://images.simssa.ca/iiif/manuscripts/cdn-hsmu-m2149l4/canvas/folio-030v.json
61,031r,CF-041,https://images.simssa.ca/iiif/manuscripts/cdn-hsmu-m2149l4/canvas/folio-031r.json
62,031v,CF-494,https://images.simssa.ca/iiif/manuscripts/cdn-hsmu-m2149l4/canvas/folio-031v.json
63,032r,CF-042,https://images.simssa.ca/iiif/manuscripts/cdn-hsmu-m2149l4/canvas/folio-032r.json
64,032v,CF-492,https://images.simssa.ca/iiif/manuscripts/cdn-hsmu-m2149l4/canvas/folio-032v.json
65,033r,CF-044,https://images.simssa.ca/iiif/manuscripts/cdn-hsmu-m2149l4/canvas/folio-033r.json
66,033v,CF-491,https://images.simssa.ca/iiif/manuscripts/cdn-hsmu-m2149l4/canvas/folio-033v.json
67,034r,CF-045,https://images.simssa.ca/iiif/manuscripts/cdn-hsmu-m2149l4/canvas/folio-034r.json
68,034v,CF-490,https://images.simssa.ca/iiif/manuscripts/cdn-hsmu-m2149l4/canvas/folio-034v.json
69,035r,CF-046,https://images.simssa.ca/iiif/manuscripts/cdn-hsmu-m2149l4/canvas/folio-035r.json
70,035v,CF-489,https://images.simssa.ca/iiif/manuscripts/cdn-hsmu-m2149l4/canvas/folio-035v.json
71,036r,CF-047,https://images.simssa.ca/iiif/manuscripts/cdn-hsmu-m2149l4/canvas/folio-036r.json
72,036v,CF-488,https://images.simssa.ca/iiif/manuscripts/cdn-hsmu-m2149l4/canvas/folio-036v.json
73,037r,CF-048,https://images.simssa.ca/iiif/manuscripts/cdn-hsmu-m2149l4/canvas/folio-037r.json
74,037v,CF-487,https://images.simssa.ca/iiif/manuscripts/cdn-hsmu-m2149l4/canvas/folio-037v.json
75,038r,CF-049,https://images.simssa.ca/iiif/manuscripts/cdn-hsmu-m2149l4/canvas/folio-038r.json
76,038v,CF-486,https://images.simssa.ca/iiif/manuscripts/cdn-hsmu-m2149l4/canvas/folio-038v.json
77,039r,CF-050,https://images.simssa.ca/iiif/manuscripts/cdn-hsmu-m2149l4/canvas/folio-039r.json
78,039v,CF-485,https://images.simssa.ca/iiif/manuscripts/cdn-hsmu-m2149l4/canvas/folio-039v.json
79,040r,CF-051,https://images.simssa.ca/iiif/manuscripts/cdn-hsmu-m2149l4/canvas/folio-040r.json
80,040v,CF-484,https://images.simssa.ca/iiif/manuscripts/cdn-hsmu-m2149l4/canvas/folio-040v.json
81,041r,CF-052,https://images.simssa.ca/iiif/manuscripts/cdn-hsmu-m2149l4/canvas/folio-041r.json
82,041v,CF-483,https://images.simssa.ca/iiif/manuscripts/cdn-hsmu-m2149l4/canvas/folio-041v.json
83,042r,CF-053,https://images.simssa.ca/iiif/manuscripts/cdn-hsmu-m2149l4/canvas/folio-042r.json
84,042v,CF-482,https://images.simssa.ca/iiif/manuscripts/cdn-hsmu-m2149l4/canvas/folio-042v.json
85,043r,CF-054,https://images.simssa.ca/iiif/manuscripts/cdn-hsmu-m2149l4/canvas/folio-043r.json
86,043v,CF-481,https://images.simssa.ca/iiif/manuscripts/cdn-hsmu-m2149l4/canvas/folio-043v.json
87,044r,CF-055,https://images.simssa.ca/iiif/manuscripts/cdn-hsmu-m2149l4/canvas/folio-044r.json
88,044v,CF-480,https://images.simssa.ca/iiif/manuscripts/cdn-hsmu-m2149l4/canvas/folio-044v.json
89,045r,CF-056,https://images.simssa.ca/iiif/manuscripts/cdn-hsmu-m2149l4/canvas/folio-045r.json
90,045v,CF-479,https://images.simssa.ca/iiif/manuscripts/cdn-hsmu-m2149l4/canvas/folio-045v.json
91,046r,CF-058,https://images.simssa.ca/iiif/manuscripts/cdn-hsmu-m2149l4/canvas/folio-046r.json
92,046v,CF-477,https://images.simssa.ca/iiif/manuscripts/cdn-hsmu-m2149l4/canvas/folio-046v.json
93,047r,CF-059,https://images.simssa.ca/iiif/manuscripts/cdn-hsmu-m2149l4/canvas/folio-047r.json
94,047v,CF-476,https://images.simssa.ca/iiif/manuscripts/cdn-hsmu-m2149l4/canvas/folio-047v.json
95,048r,CF-060,https://images.simssa.ca/iiif/manuscripts/cdn-hsmu-m2149l4/canvas/folio-048r.json
96,048v,CF-475,https://images.simssa.ca/iiif/manuscripts/cdn-hsmu-m2149l4/canvas/folio-048v.json
97,049r,CF-061,https://images.simssa.ca/iiif/manuscripts/cdn-hsmu-m2149l4/canvas/folio-049r.json
98,049v,CF-474,https://images.simssa.ca/iiif/manuscripts/cdn-hsmu-m2149l4/canvas/folio-049v.json
99,050r,CF-062,https://images.simssa.ca/iiif/manuscripts/cdn-hsmu-m2149l4/canvas/folio-050r.json
100,050v,CF-473,https://images.simssa.ca/iiif/manuscripts/cdn-hsmu-m2149l4/canvas/folio-050v.json
101,051r,CF-064,https://images.simssa.ca/iiif/manuscripts/cdn-hsmu-m2149l4/canvas/folio-051r.json
102,051v,CF-471,https://images.simssa.ca/iiif/manuscripts/cdn-hsmu-m2149l4/canvas/folio-051v.json
103,052r,CF-065,https://images.simssa.ca/iiif/manuscripts/cdn-hsmu-m2149l4/canvas/folio-052r.json
104,052v,CF-470,https://images.simssa.ca/iiif/manuscripts/cdn-hsmu-m2149l4/canvas/folio-052v.json
105,053r,CF-066,https://images.simssa.ca/iiif/manuscripts/cdn-hsmu-m2149l4/canvas/folio-053r.json
106,053v,CF-469,https://images.simssa.ca/iiif/manuscripts/cdn-hsmu-m2149l4/canvas/folio-053v.json
107,054r,CF-067,https://images.simssa.ca/iiif/manuscripts/cdn-hsmu-m2149l4/canvas/folio-054r.json
108,054v,CF-468,https://images.simssa.ca/iiif/manuscripts/cdn-hsmu-m2149l4/canvas/folio-054v.json
109,055r,CF-068,https://images.simssa.ca/iiif/manuscripts/cdn-hsmu-m2149l4/canvas/folio-055r.json
110,055v,CF-467,https://images.simssa.ca/iiif/manuscripts/cdn-hsmu-m2149l4/canvas/folio-055v.json
111,056r,CF-069,https://images.simssa.ca/iiif/manuscripts/cdn-hsmu-m2149l4/canvas/folio-056r.json
112,056v,CF-466,https://images.simssa.ca/iiif/manuscripts/cdn-hsmu-m2149l4/canvas/folio-056v.json
113,057r,CF-070,https://images.simssa.ca/iiif/manuscripts/cdn-hsmu-m2149l4/canvas/folio-057r.json
114,057v,CF-465,https://images.simssa.ca/iiif/manuscripts/cdn-hsmu-m2149l4/canvas/folio-057v.json
115,058r,CF-071,https://images.simssa.ca/iiif/manuscripts/cdn-hsmu-m2149l4/canvas/folio-058r.json
116,058v,CF-464,https://images.simssa.ca/iiif/manuscripts/cdn-hsmu-m2149l4/canvas/folio-058v.json
117,059r,CF-072,https://images.simssa.ca/iiif/manuscripts/cdn-hsmu-m2149l4/canvas/folio-059r.json
118,059v,CF-463,https://images.simssa.ca/iiif/manuscripts/cdn-hsmu-m2149l4/canvas/folio-059v.json
119,060r,CF-073,https://images.simssa.ca/iiif/manuscripts/cdn-hsmu-m2149l4/canvas/folio-060r.json
120,060v,CF-462,https://images.simssa.ca/iiif/manuscripts/cdn-hsmu-m2149l4/canvas/folio-060v.json
121,061r,CF-074,https://images.simssa.ca/iiif/manuscripts/cdn-hsmu-m2149l4/canvas/folio-061r.json
122,061v,CF-461,https://images.simssa.ca/iiif/manuscripts/cdn-hsmu-m2149l4/canvas/folio-061v.json
123,062r,CF-075,https://images.simssa.ca/iiif/manuscripts/cdn-hsmu-m2149l4/canvas/folio-062r.json
124,062v,CF-460,https://images.simssa.ca/iiif/manuscripts/cdn-hsmu-m2149l4/canvas/folio-062v.json
125,063r,CF-076,https://images.simssa.ca/iiif/manuscripts/cdn-hsmu-m2149l4/canvas/folio-063r.json
126,063v,CF-459,https://images.simssa.ca/iiif/manuscripts/cdn-hsmu-m2149l4/canvas/folio-063v.json
127,064r,CF-077,https://images.simssa.ca/iiif/manuscripts/cdn-hsmu-m2149l4/canvas/folio-064r.json
128,064v,CF-458,https://images.simssa.ca/iiif/manuscripts/cdn-hsmu-m2149l4/canvas/folio-064v.json
129,065r,CF-078,https://images.simssa.ca/iiif/manuscripts/cdn-hsmu-m2149l4/canvas/folio-065r.json
130,065v,CF-457,https://images.simssa.ca/iiif/manuscripts/cdn-hsmu-m2149l4/canvas/folio-065v.json
131,066r,CF-079,https://images.simssa.ca/iiif/manuscripts/cdn-hsmu-m2149l4/canvas/folio-066r.json
132,066v,CF-456,https://images.simssa.ca/iiif/manuscripts/cdn-hsmu-m2149l4/canvas/folio-066v.json
133,067r,CF-080,https://images.simssa.ca/iiif/manuscripts/cdn-hsmu-m2149l4/canvas/folio-067r.json
134,067v,CF-455,https://images.simssa.ca/iiif/manuscripts/cdn-hsmu-m2149l4/canvas/folio-067v.json
135,068r,CF-081,https://images.simssa.ca/iiif/manuscripts/cdn-hsmu-m2149l4/canvas/folio-068r.json
136,068v,CF-454,https://images.simssa.ca/iiif/manuscripts/cdn-hsmu-m2149l4/canvas/folio-068v.json
137,069r,CF-082,https://images.simssa.ca/iiif/manuscripts/cdn-hsmu-m2149l4/canvas/folio-069r.json
138,069v,CF-453,https://images.simssa.ca/iiif/manuscripts/cdn-hsmu-m2149l4/canvas/folio-069v.json
139,070r,CF-083,https://images.simssa.ca/iiif/manuscripts/cdn-hsmu-m2149l4/canvas/folio-070r.json
140,070v,CF-452,https://images.simssa.ca/iiif/manuscripts/cdn-hsmu-m2149l4/canvas/folio-070v.json
141,071r,CF-084,https://images.simssa.ca/iiif/manuscripts/cdn-hsmu-m2149l4/canvas/folio-071r.json
142,071v,CF-451,https://images.simssa.ca/iiif/manuscripts/cdn-hsmu-m2149l4/canvas/folio-071v.json
143,072r,CF-085,https://images.simssa.ca/iiif/manuscripts/cdn-hsmu-m2149l4/canvas/folio-072r.json
144,072v,CF-450,https://images.simssa.ca/iiif/manuscripts/cdn-hsmu-m2149l4/canvas/folio-072v.json
145,073r,CF-086,https://images.simssa.ca/iiif/manuscripts/cdn-hsmu-m2149l4/canvas/folio-073r.json
146,073v,CF-449,https://images.simssa.ca/iiif/manuscripts/cdn-hsmu-m2149l4/canvas/folio-073v.json
147,074r,CF-087,https://images.simssa.ca/iiif/manuscripts/cdn-hsmu-m2149l4/canvas/folio-074r.json
148,074v,CF-448,https://images.simssa.ca/iiif/manuscripts/cdn-hsmu-m2149l4/canvas/folio-074v.json
149,075r,CF-088,https://images.simssa.ca/iiif/manuscripts/cdn-hsmu-m2149l4/canvas/folio-075r.json
150,075v,CF-447,https://images.simssa.ca/iiif/manuscripts/cdn-hsmu-m2149l4/canvas/folio-075v.json
151,076r,CF-089,https://images.simssa.ca/iiif/manuscripts/cdn-hsmu-m2149l4/canvas/folio-076r.json
152,076v,CF-446,https://images.simssa.ca/iiif/manuscripts/cdn-hsmu-m2149l4/canvas/folio-076v.json
153,077r,CF-090,https://images.simssa.ca/iiif/manuscripts/cdn-hsmu-m2149l4/canvas/folio-077r.json
154,077v,CF-445,https://images.simssa.ca/iiif/manuscripts/cdn-hsmu-m2149l4/canvas/folio-077v.json
155,078r,CF-092,https://images.simssa.ca/iiif/manuscripts/cdn-hsmu-m2149l4/canvas/folio-078r.json
156,078v,CF-444,https://images.simssa.ca/iiif/manuscripts/cdn-hsmu-m2149l4/canvas/folio-078v.json
157,079r,CF-093,https://images.simssa.ca/iiif/manuscripts/cdn-hsmu-m2149l4/canvas/folio-079r.json
158,079v,CF-443,https://images.simssa.ca/iiif/manuscripts/cdn-hsmu-m2149l4/canvas/folio-079v.json
159,080r,CF-094,https://images.simssa.ca/iiif/manuscripts/cdn-hsmu-m2149l4/canvas/folio-080r.json
160,080v,CF-442,https://images.simssa.ca/iiif/manuscripts/cdn-hsmu-m2149l4/canvas/folio-080v.json
161,081r,CF-095,https://images.simssa.ca/iiif/manuscripts/cdn-hsmu-m2149l4/canvas/folio-081r.json
162,081v,CF-441,https://images.simssa.ca/iiif/manuscripts/cdn-hsmu-m2149l4/canvas/folio-081v.json
163,082r,CF-096,https://images.simssa.ca/iiif/manuscripts/cdn-hsmu-m2149l4/canvas/folio-082r.json
164,082v,CF-440,https://images.simssa.ca/iiif/manuscripts/cdn-hsmu-m2149l4/canvas/folio-082v.json
165,083r,CF-097,https://images.simssa.ca/iiif/manuscripts/cdn-hsmu-m2149l4/canvas/folio-083r.json
166,083v,CF-439,https://images.simssa.ca/iiif/manuscripts/cdn-hsmu-m2149l4/canvas/folio-083v.json
167,084r,CF-098,https://images.simssa.ca/iiif/manuscripts/cdn-hsmu-m2149l4/canvas/folio-084r.json
168,084v,CF-438,https://images.simssa.ca/iiif/manuscripts/cdn-hsmu-m2149l4/canvas/folio-084v.json
169,085r,CF-099,https://images.simssa.ca/iiif/manuscripts/cdn-hsmu-m2149l4/canvas/folio-085r.json
170,085v,CF-437,https://images.simssa.ca/iiif/manuscripts/cdn-hsmu-m2149l4/canvas/folio-085v.json
171,086r,CF-100,https://images.simssa.ca/iiif/manuscripts/cdn-hsmu-m2149l4/canvas/folio-086r.json
172,086v,CF-436,https://images.simssa.ca/iiif/manuscripts/cdn-hsmu-m2149l4/canvas/folio-086v.json
173,087r,CF-101,https://images.simssa.ca/iiif/manuscripts/cdn-hsmu-m2149l4/canvas/folio-087r.json
174,087v,CF-435,https://images.simssa.ca/iiif/manuscripts/cdn-hsmu-m2149l4/canvas/folio-087v.json
175,088r,CF-102,https://images.simssa.ca/iiif/manuscripts/cdn-hsmu-m2149l4/canvas/folio-088r.json
176,088v,CF-434,https://images.simssa.ca/iiif/manuscripts/cdn-hsmu-m2149l4/canvas/folio-088v.json
177,089r,CF-103,https://images.simssa.ca/iiif/manuscripts/cdn-hsmu-m2149l4/canvas/folio-089r.json
178,089v,CF-433,https://images.simssa.ca/iiif/manuscripts/cdn-hsmu-m2149l4/canvas/folio-089v.json
179,090r,CF-104,https://images.simssa.ca/iiif/manuscripts/cdn-hsmu-m2149l4/canvas/folio-090r.json
180,090v,CF-432,https://images.simssa.ca/iiif/manuscripts/cdn-hsmu-m2149l4/canvas/folio-090v.json
181,091r,CF-105,https://images.simssa.ca/iiif/manuscripts/cdn-hsmu-m2149l4/canvas/folio-091r.json
182,091v,CF-431,https://images.simssa.ca/iiif/manuscripts/cdn-hsmu-m2149l4/canvas/folio-091v.json
183,092r,CF-106,https://images.simssa.ca/iiif/manuscripts/cdn-hsmu-m2149l4/canvas/folio-092r.json
184,092v,CF-430,https://images.simssa.ca/iiif/manuscripts/cdn-hsmu-m2149l4/canvas/folio-092v.json
185,093r,CF-107,https://images.simssa.ca/iiif/manuscripts/cdn-hsmu-m2149l4/canvas/folio-093r.json
186,093v,CF-429,https://images.simssa.ca/iiif/manuscripts/cdn-hsmu-m2149l4/canvas/folio-093v.json
187,094r,CF-108,https://images.simssa.ca/iiif/manuscripts/cdn-hsmu-m2149l4/canvas/folio-094r.json
188,094v,CF-428,https://images.simssa.ca/iiif/manuscripts/cdn-hsmu-m2149l4/canvas/folio-094v.json
189,095r,CF-109,https://images.simssa.ca/iiif/manuscripts/cdn-hsmu-m2149l4/canvas/folio-095r.json
190,095v,CF-427,https://images.simssa.ca/iiif/manuscripts/cdn-hsmu-m2149l4/canvas/folio-095v.json
191,096r,CF-110,https://images.simssa.ca/iiif/manuscripts/cdn-hsmu-m2149l4/canvas/folio-096r.json
192,096v,CF-426,https://images.simssa.ca/iiif/manuscripts/cdn-hsmu-m2149l4/canvas/folio-096v.json
193,097r,CF-111,https://images.simssa.ca/iiif/manuscripts/cdn-hsmu-m2149l4/canvas/folio-097r.json
194,097v,CF-425,https://images.simssa.ca/iiif/manuscripts/cdn-hsmu-m2149l4/canvas/folio-097v.json
195,098r,CF-112,https://images.simssa.ca/iiif/manuscripts/cdn-hsmu-m2149l4/canvas/folio-098r.json
196,098v,CF-424,https://images.simssa.ca/iiif/manuscripts/cdn-hsmu-m2149l4/canvas/folio-098v.json
197,099r,CF-113,https://images.simssa.ca/iiif/manuscripts/cdn-hsmu-m2149l4/canvas/folio-099r.json
198,099v,CF-422,https://images.simssa.ca/iiif/manuscripts/cdn-hsmu-m2149l4/canvas/folio-099v.json
199,100r,CF-114,https://images.simssa.ca/iiif/manuscripts/cdn-hsmu-m2149l4/canvas/folio-100r.json
200,100v,CF-421,https://images.simssa.ca/iiif/manuscripts/cdn-hsmu-m2149l4/canvas/folio-100v.json
201,101r,CF-117,https://images.simssa.ca/iiif/manuscripts/cdn-hsmu-m2149l4/canvas/folio-101r.json
202,101v,CF-420,https://images.simssa.ca/iiif/manuscripts/cdn-hsmu-m2149l4/canvas/folio-101v.json
203,102r,CF-118,https://images.simssa.ca/iiif/manuscripts/cdn-hsmu-m2149l4/canvas/folio-102r.json
204,102v,CF-419,https://images.simssa.ca/iiif/manuscripts/cdn-hsmu-m2149l4/canvas/folio-102v.json
205,103r,CF-119,https://images.simssa.ca/iiif/manuscripts/cdn-hsmu-m2149l4/canvas/folio-103r.json
206,103v,CF-418,https://images.simssa.ca/iiif/manuscripts/cdn-hsmu-m2149l4/canvas/folio-103v.json
207,104r,CF-120,https://images.simssa.ca/iiif/manuscripts/cdn-hsmu-m2149l4/canvas/folio-104r.json
208,104v,CF-417,https://images.simssa.ca/iiif/manuscripts/cdn-hsmu-m2149l4/canvas/folio-104v.json
209,105r,CF-121,https://images.simssa.ca/iiif/manuscripts/cdn-hsmu-m2149l4/canvas/folio-105r.json
210,105v,CF-416,https://images.simssa.ca/iiif/manuscripts/cdn-hsmu-m2149l4/canvas/folio-105v.json
211,106r,CF-122,https://images.simssa.ca/iiif/manuscripts/cdn-hsmu-m2149l4/canvas/folio-106r.json
212,106v,CF-415,https://images.simssa.ca/iiif/manuscripts/cdn-hsmu-m2149l4/canvas/folio-106v.json
213,107r,CF-123,https://images.simssa.ca/iiif/manuscripts/cdn-hsmu-m2149l4/canvas/folio-107r.json
214,107v,CF-414,https://images.simssa.ca/iiif/manuscripts/cdn-hsmu-m2149l4/canvas/folio-107v.json
215,108r,CF-124,https://images.simssa.ca/iiif/manuscripts/cdn-hsmu-m2149l4/canvas/folio-108r.json
216,108v,CF-413,https://images.simssa.ca/iiif/manuscripts/cdn-hsmu-m2149l4/canvas/folio-108v.json
217,109r,CF-125,https://images.simssa.ca/iiif/manuscripts/cdn-hsmu-m2149l4/canvas/folio-109r.json
218,109v,CF-412,https://images.simssa.ca/iiif/manuscripts/cdn-hsmu-m2149l4/canvas/folio-109v.json
219,110r,CF-126,https://images.simssa.ca/iiif/manuscripts/cdn-hsmu-m2149l4/canvas/folio-110r.json
220,110v,CF-411,https://images.simssa.ca/iiif/manuscripts/cdn-hsmu-m2149l4/canvas/folio-110v.json
221,111r,CF-127,https://images.simssa.ca/iiif/manuscripts/cdn-hsmu-m2149l4/canvas/folio-111r.json
222,111v,CF-410,https://images.simssa.ca/iiif/manuscripts/cdn-hsmu-m2149l4/canvas/folio-111v.json
223,112r,CF-128,https://images.simssa.ca/iiif/manuscripts/cdn-hsmu-m2149l4/canvas/folio-112r.json
224,112v,CF-409,https://images.simssa.ca/iiif/manuscripts/cdn-hsmu-m2149l4/canvas/folio-112v.json
225,113r,CF-129,https://images.simssa.ca/iiif/manuscripts/cdn-hsmu-m2149l4/canvas/folio-113r.json
226,113v,CF-408,https://images.simssa.ca/iiif/manuscripts/cdn-hsmu-m2149l4/canvas/folio-113v.json
227,114r,CF-130,https://images.simssa.ca/iiif/manuscripts/cdn-hsmu-m2149l4/canvas/folio-114r.json
228,114v,CF-407,https://images.simssa.ca/iiif/manuscripts/cdn-hsmu-m2149l4/canvas/folio-114v.json
229,115r,CF-133,https://images.simssa.ca/iiif/manuscripts/cdn-hsmu-m2149l4/canvas/folio-115r.json
230,115v,CF-406,https://images.simssa.ca/iiif/manuscripts/cdn-hsmu-m2149l4/canvas/folio-115v.json
231,116r,CF-134,https://images.simssa.ca/iiif/manuscripts/cdn-hsmu-m2149l4/canvas/folio-116r.json
232,116v,CF-405,https://images.simssa.ca/iiif/manuscripts/cdn-hsmu-m2149l4/canvas/folio-116v.json
233,117r,CF-135,https://images.simssa.ca/iiif/manuscripts/cdn-hsmu-m2149l4/canvas/folio-117r.json
234,117v,CF-404,https://images.simssa.ca/iiif/manuscripts/cdn-hsmu-m2149l4/canvas/folio-117v.json
235,118r,CF-137,https://images.simssa.ca/iiif/manuscripts/cdn-hsmu-m2149l4/canvas/folio-118r.json
236,118v,CF-402,https://images.simssa.ca/iiif/manuscripts/cdn-hsmu-m2149l4/canvas/folio-118v.json
237,119r,CF-139,https://images.simssa.ca/iiif/manuscripts/cdn-hsmu-m2149l4/canvas/folio-119r.json
238,119v,CF-401,https://images.simssa.ca/iiif/manuscripts/cdn-hsmu-m2149l4/canvas/folio-119v.json
239,120r,CF-140,https://images.simssa.ca/iiif/manuscripts/cdn-hsmu-m2149l4/canvas/folio-120r.json
240,120v,CF-400,https://images.simssa.ca/iiif/manuscripts/cdn-hsmu-m2149l4/canvas/folio-120v.json
241,121r,CF-141,https://images.simssa.ca/iiif/manuscripts/cdn-hsmu-m2149l4/canvas/folio-121r.json
242,121v,CF-399,https://images.simssa.ca/iiif/manuscripts/cdn-hsmu-m2149l4/canvas/folio-121v.json
243,122r,CF-142,https://images.simssa.ca/iiif/manuscripts/cdn-hsmu-m2149l4/canvas/folio-122r.json
244,122v,CF-398,https://images.simssa.ca/iiif/manuscripts/cdn-hsmu-m2149l4/canvas/folio-122v.json
245,123r,CF-143,https://images.simssa.ca/iiif/manuscripts/cdn-hsmu-m2149l4/canvas/folio-123r.json
246,123v,CF-397,https://images.simssa.ca/iiif/manuscripts/cdn-hsmu-m2149l4/canvas/folio-123v.json
247,124r,CF-144,https://images.simssa.ca/iiif/manuscripts/cdn-hsmu-m2149l4/canvas/folio-124r.json
248,124v,CF-396,https://images.simssa.ca/iiif/manuscripts/cdn-hsmu-m2149l4/canvas/folio-124v.json
249,127r,CF-146,https://images.simssa.ca/iiif/manuscripts/cdn-hsmu-m2149l4/canvas/folio-127r.json
250,127v,CF-394,https://images.simssa.ca/iiif/manuscripts/cdn-hsmu-m2149l4/canvas/folio-127v.json
251,128r,CF-147,https://images.simssa.ca/iiif/manuscripts/cdn-hsmu-m2149l4/canvas/folio-128r.json
252,128v,CF-392,https://images.simssa.ca/iiif/manuscripts/cdn-hsmu-m2149l4/canvas/folio-128v.json
253,129r,CF-148,https://images.simssa.ca/iiif/manuscripts/cdn-hsmu-m2149l4/canvas/folio-129r.json
254,129v,CF-391,https://images.simssa.ca/iiif/manuscripts/cdn-hsmu-m2149l4/canvas/folio-129v.json
255,130r,CF-149,https://images.simssa.ca/iiif/manuscripts/cdn-hsmu-m2149l4/canvas/folio-130r.json
256,130v,CF-390,https://images.simssa.ca/iiif/manuscripts/cdn-hsmu-m2149l4/canvas/folio-130v.json
257,131r,CF-150,https://images.simssa.ca/iiif/manuscripts/cdn-hsmu-m2149l4/canvas/folio-131r.json
258,131v,CF-389,https://images.simssa.ca/iiif/manuscripts/cdn-hsmu-m2149l4/canvas/folio-131v.json
259,132r,CF-151,https://images.simssa.ca/iiif/manuscripts/cdn-hsmu-m2149l4/canvas/folio-132r.json
260,132v,CF-388,https://images.simssa.ca/iiif/manuscripts/cdn-hsmu-m2149l4/canvas/folio-132v.json
261,133r,CF-152,https://images.simssa.ca/iiif/manuscripts/cdn-hsmu-m2149l4/canvas/folio-133r.json
262,133v,CF-387,https://images.simssa.ca/iiif/manuscripts/cdn-hsmu-m2149l4/canvas/folio-133v.json
263,134r,CF-154,https://images.simssa.ca/iiif/manuscripts/cdn-hsmu-m2149l4/canvas/folio-134r.json
264,134v,CF-384,https://images.simssa.ca/iiif/manuscripts/cdn-hsmu-m2149l4/canvas/folio-134v.json
265,135r,CF-155,https://images.simssa.ca/iiif/manuscripts/cdn-hsmu-m2149l4/canvas/folio-135r.json
266,135v,CF-382,https://images.simssa.ca/iiif/manuscripts/cdn-hsmu-m2149l4/canvas/folio-135v.json
267,136r,CF-156,https://images.simssa.ca/iiif/manuscripts/cdn-hsmu-m2149l4/canvas/folio-136r.json
268,136v,CF-381,https://images.simssa.ca/iiif/manuscripts/cdn-hsmu-m2149l4/canvas/folio-136v.json
269,137r,CF-157,https://images.simssa.ca/iiif/manuscripts/cdn-hsmu-m2149l4/canvas/folio-137r.json
270,137v,CF-380,https://images.simssa.ca/iiif/manuscripts/cdn-hsmu-m2149l4/canvas/folio-137v.json
271,138r,CF-158,https://images.simssa.ca/iiif/manuscripts/cdn-hsmu-m2149l4/canvas/folio-138r.json
272,138v,CF-379,https://images.simssa.ca/iiif/manuscripts/cdn-hsmu-m2149l4/canvas/folio-138v.json
273,139r,CF-159,https://images.simssa.ca/iiif/manuscripts/cdn-hsmu-m2149l4/canvas/folio-139r.json
274,139v,CF-378,https://images.simssa.ca/iiif/manuscripts/cdn-hsmu-m2149l4/canvas/folio-139v.json
275,140r,CF-160,https://images.simssa.ca/iiif/manuscripts/cdn-hsmu-m2149l4/canvas/folio-140r.json
276,140v,CF-377,https://images.simssa.ca/iiif/manuscripts/cdn-hsmu-m2149l4/canvas/folio-140v.json
277,141r,CF-161,https://images.simssa.ca/iiif/manuscripts/cdn-hsmu-m2149l4/canvas/folio-141r.json
278,141v,CF-376,https://images.simssa.ca/iiif/manuscripts/cdn-hsmu-m2149l4/canvas/folio-141v.json
279,142r,CF-162,https://images.simssa.ca/iiif/manuscripts/cdn-hsmu-m2149l4/canvas/folio-142r.json
280,142v,CF-375,https://images.simssa.ca/iiif/manuscripts/cdn-hsmu-m2149l4/canvas/folio-142v.json
281,143r,CF-163,https://images.simssa.ca/iiif/manuscripts/cdn-hsmu-m2149l4/canvas/folio-143r.json
282,143v,CF-374,https://images.simssa.ca/iiif/manuscripts/cdn-hsmu-m2149l4/canvas/folio-143v.json
283,144r,CF-164,https://images.simssa.ca/iiif/manuscripts/cdn-hsmu-m2149l4/canvas/folio-144r.json
284,144v,CF-373,https://images.simssa.ca/iiif/manuscripts/cdn-hsmu-m2149l4/canvas/folio-144v.json
285,145r,CF-165,https://images.simssa.ca/iiif/manuscripts/cdn-hsmu-m2149l4/canvas/folio-145r.json
286,145v,CF-372,https://images.simssa.ca/iiif/manuscripts/cdn-hsmu-m2149l4/canvas/folio-145v.json
287,146r,CF-166,https://images.simssa.ca/iiif/manuscripts/cdn-hsmu-m2149l4/canvas/folio-146r.json
288,146v,CF-370,https://images.simssa.ca/iiif/manuscripts/cdn-hsmu-m2149l4/canvas/folio-146v.json
289,147r,CF-167,https://images.simssa.ca/iiif/manuscripts/cdn-hsmu-m2149l4/canvas/folio-147r.json
290,147v,CF-369,https://images.simssa.ca/iiif/manuscripts/cdn-hsmu-m2149l4/canvas/folio-147v.json
291,148r,CF-168,https://images.simssa.ca/iiif/manuscripts/cdn-hsmu-m2149l4/canvas/folio-148r.json
292,148v,CF-368,https://images.simssa.ca/iiif/manuscripts/cdn-hsmu-m2149l4/canvas/folio-148v.json
293,149r,CF-169,https://images.simssa.ca/iiif/manuscripts/cdn-hsmu-m2149l4/canvas/folio-149r.json
294,149v,CF-367,https://images.simssa.ca/iiif/manuscripts/cdn-hsmu-m2149l4/canvas/folio-149v.json
295,150r,CF-170,https://images.simssa.ca/iiif/manuscripts/cdn-hsmu-m2149l4/canvas/folio-150r.json
296,150v,CF-366,https://images.simssa.ca/iiif/manuscripts/cdn-hsmu-m2149l4/canvas/folio-150v.json
297,151r,CF-172,https://images.simssa.ca/iiif/manuscripts/cdn-hsmu-m2149l4/canvas/folio-151r.json
298,151v,CF-365,https://images.simssa.ca/iiif/manuscripts/cdn-hsmu-m2149l4/canvas/folio-151v.json
299,152r,CF-173,https://images.simssa.ca/iiif/manuscripts/cdn-hsmu-m2149l4/canvas/folio-152r.json
300,152v,CF-364,https://images.simssa.ca/iiif/manuscripts/cdn-hsmu-m2149l4/canvas/folio-152v.json
301,153r,CF-174,https://images.simssa.ca/iiif/manuscripts/cdn-hsmu-m2149l4/canvas/folio-153r.json
302,153v,CF-363,https://images.simssa.ca/iiif/manuscripts/cdn-hsmu-m2149l4/canvas/folio-153v.json
303,154r,CF-175,https://images.simssa.ca/iiif/manuscripts/cdn-hsmu-m2149l4/canvas/folio-154r.json
304,154v,CF-362,https://images.simssa.ca/iiif/manuscripts/cdn-hsmu-m2149l4/canvas/folio-154v.json
305,155r,CF-176,https://images.simssa.ca/iiif/manuscripts/cdn-hsmu-m2149l4/canvas/folio-155r.json
306,155v,CF-361,https://images.simssa.ca/iiif/manuscripts/cdn-hsmu-m2149l4/canvas/folio-155v.json
307,156r,CF-177,https://images.simssa.ca/iiif/manuscripts/cdn-hsmu-m2149l4/canvas/folio-156r.json
308,156v,CF-360,https://images.simssa.ca/iiif/manuscripts/cdn-hsmu-m2149l4/canvas/folio-156v.json
309,157r,CF-178,https://images.simssa.ca/iiif/manuscripts/cdn-hsmu-m2149l4/canvas/folio-157r.json
310,157v,CF-359,https://images.simssa.ca/iiif/manuscripts/cdn-hsmu-m2149l4/canvas/folio-157v.json
311,158r,CF-179,https://images.simssa.ca/iiif/manuscripts/cdn-hsmu-m2149l4/canvas/folio-158r.json
312,158v,CF-358,https://images.simssa.ca/iiif/manuscripts/cdn-hsmu-m2149l4/canvas/folio-158v.json
313,159r,CF-180,https://images.simssa.ca/iiif/manuscripts/cdn-hsmu-m2149l4/canvas/folio-159r.json
314,159v,CF-356,https://images.simssa.ca/iiif/manuscripts/cdn-hsmu-m2149l4/canvas/folio-159v.json
315,160r,CF-181,https://images.simssa.ca/iiif/manuscripts/cdn-hsmu-m2149l4/canvas/folio-160r.json
316,160v,CF-355,https://images.simssa.ca/iiif/manuscripts/cdn-hsmu-m2149l4/canvas/folio-160v.json
317,161r,CF-182,https://images.simssa.ca/iiif/manuscripts/cdn-hsmu-m2149l4/canvas/folio-161r.json
318,161v,CF-354,https://images.simssa.ca/iiif/manuscripts/cdn-hsmu-m2149l4/canvas/folio-161v.json
319,162r,CF-183,https://images.simssa.ca/iiif/manuscripts/cdn-hsmu-m2149l4/canvas/folio-162r.json
320,162v,CF-349,https://images.simssa.ca/iiif/manuscripts/cdn-hsmu-m2149l4/canvas/folio-162v.json
321,163r,CF-184,https://images.simssa.ca/iiif/manuscripts/cdn-hsmu-m2149l4/canvas/folio-163r.json
322,163v,CF-348,https://images.simssa.ca/iiif/manuscripts/cdn-hsmu-m2149l4/canvas/folio-163v.json
323,164r,CF-185,https://images.simssa.ca/iiif/manuscripts/cdn-hsmu-m2149l4/canvas/folio-164r.json
324,164v,CF-347,https://images.simssa.ca/iiif/manuscripts/cdn-hsmu-m2149l4/canvas/folio-164v.json
325,165r,CF-186,https://images.simssa.ca/iiif/manuscripts/cdn-hsmu-m2149l4/canvas/folio-165r.json
326,165v,CF-346,https://images.simssa.ca/iiif/manuscripts/cdn-hsmu-m2149l4/canvas/folio-165v.json
327,166r,CF-187,https://images.simssa.ca/iiif/manuscripts/cdn-hsmu-m2149l4/canvas/folio-166r.json
328,166v,CF-345,https://images.simssa.ca/iiif/manuscripts/cdn-hsmu-m2149l4/canvas/folio-166v.json
329,167r,CF-188,https://images.simssa.ca/iiif/manuscripts/cdn-hsmu-m2149l4/canvas/folio-167r.json
330,167v,CF-344,https://images.simssa.ca/iiif/manuscripts/cdn-hsmu-m2149l4/canvas/folio-167v.json
331,168r,CF-189,https://images.simssa.ca/iiif/manuscripts/cdn-hsmu-m2149l4/canvas/folio-168r.json
332,168v,CF-343,https://images.simssa.ca/iiif/manuscripts/cdn-hsmu-m2149l4/canvas/folio-168v.json
333,169r,CF-190,https://images.simssa.ca/iiif/manuscripts/cdn-hsmu-m2149l4/canvas/folio-169r.json
334,169v,CF-342,https://images.simssa.ca/iiif/manuscripts/cdn-hsmu-m2149l4/canvas/folio-169v.json
335,170r,CF-191,https://images.simssa.ca/iiif/manuscripts/cdn-hsmu-m2149l4/canvas/folio-170r.json
336,170v,CF-341,https://images.simssa.ca/iiif/manuscripts/cdn-hsmu-m2149l4/canvas/folio-170v.json
337,171r,CF-192,https://images.simssa.ca/iiif/manuscripts/cdn-hsmu-m2149l4/canvas/folio-171r.json
338,171v,CF-340,https://images.simssa.ca/iiif/manuscripts/cdn-hsmu-m2149l4/canvas/folio-171v.json
339,172r,CF-193,https://images.simssa.ca/iiif/manuscripts/cdn-hsmu-m2149l4/canvas/folio-172r.json
340,172v,CF-339,https://images.simssa.ca/iiif/manuscripts/cdn-hsmu-m2149l4/canvas/folio-172v.json
341,173r,CF-194,https://images.simssa.ca/iiif/manuscripts/cdn-hsmu-m2149l4/canvas/folio-173r.json
342,173v,CF-338,https://images.simssa.ca/iiif/manuscripts/cdn-hsmu-m2149l4/canvas/folio-173v.json
343,174r,CF-195,https://images.simssa.ca/iiif/manuscripts/cdn-hsmu-m2149l4/canvas/folio-174r.json
344,174v,CF-337,https://images.simssa.ca/iiif/manuscripts/cdn-hsmu-m2149l4/canvas/folio-174v.json
345,175r,CF-196,https://images.simssa.ca/iiif/manuscripts/cdn-hsmu-m2149l4/canvas/folio-175r.json
346,175v,CF-336,https://images.simssa.ca/iiif/manuscripts/cdn-hsmu-m2149l4/canvas/folio-175v.json
347,176r,CF-197,https://images.simssa.ca/iiif/manuscripts/cdn-hsmu-m2149l4/canvas/folio-176r.json
348,176v,CF-334,https://images.simssa.ca/iiif/manuscripts/cdn-hsmu-m2149l4/canvas/folio-176v.json
349,177r,CF-199,https://images.simssa.ca/iiif/manuscripts/cdn-hsmu-m2149l4/canvas/folio-177r.json
350,177v,CF-333,https://images.simssa.ca/iiif/manuscripts/cdn-hsmu-m2149l4/canvas/folio-177v.json
351,178r,CF-200,https://images.simssa.ca/iiif/manuscripts/cdn-hsmu-m2149l4/canvas/folio-178r.json
352,178v,CF-332,https://images.simssa.ca/iiif/manuscripts/cdn-hsmu-m2149l4/canvas/folio-178v.json
353,179r,CF-201,https://images.simssa.ca/iiif/manuscripts/cdn-hsmu-m2149l4/canvas/folio-179r.json
354,179v,CF-331,https://images.simssa.ca/iiif/manuscripts/cdn-hsmu-m2149l4/canvas/folio-179v.json
355,180r,CF-202,https://images.simssa.ca/iiif/manuscripts/cdn-hsmu-m2149l4/canvas/folio-180r.json
356,180v,CF-330,https://images.simssa.ca/iiif/manuscripts/cdn-hsmu-m2149l4/canvas/folio-180v.json
357,181r,CF-203,https://images.simssa.ca/iiif/manuscripts/cdn-hsmu-m2149l4/canvas/folio-181r.json
358,181v,CF-328,https://images.simssa.ca/iiif/manuscripts/cdn-hsmu-m2149l4/canvas/folio-181v.json
359,182r,CF-204,https://images.simssa.ca/iiif/manuscripts/cdn-hsmu-m2149l4/canvas/folio-182r.json
360,182v,CF-329,https://images.simssa.ca/iiif/manuscripts/cdn-hsmu-m2149l4/canvas/folio-182v.json
361,183r,CF-206,https://images.simssa.ca/iiif/manuscripts/cdn-hsmu-m2149l4/canvas/folio-183r.json
362,183v,CF-327,https://images.simssa.ca/iiif/manuscripts/cdn-hsmu-m2149l4/canvas/folio-183v.json
363,184r,CF-207,https://images.simssa.ca/iiif/manuscripts/cdn-hsmu-m2149l4/canvas/folio-184r.json
364,184v,CF-326,https://images.simssa.ca/iiif/manuscripts/cdn-hsmu-m2149l4/canvas/folio-184v.json
365,185r,CF-208,https://images.simssa.ca/iiif/manuscripts/cdn-hsmu-m2149l4/canvas/folio-185r.json
366,185v,CF-324,https://images.simssa.ca/iiif/manuscripts/cdn-hsmu-m2149l4/canvas/folio-185v.json
367,186r,CF-209,https://images.simssa.ca/iiif/manuscripts/cdn-hsmu-m2149l4/canvas/folio-186r.json
368,186v,CF-323,https://images.simssa.ca/iiif/manuscripts/cdn-hsmu-m2149l4/canvas/folio-186v.json
369,187r,CF-210,https://images.simssa.ca/iiif/manuscripts/cdn-hsmu-m2149l4/canvas/folio-187r.json
370,187v,CF-322,https://images.simssa.ca/iiif/manuscripts/cdn-hsmu-m2149l4/canvas/folio-187v.json
371,188r,CF-211,https://images.simssa.ca/iiif/manuscripts/cdn-hsmu-m2149l4/canvas/folio-188r.json
372,188v,CF-321,https://images.simssa.ca/iiif/manuscripts/cdn-hsmu-m2149l4/canvas/folio-188v.json
373,189r,CF-212,https://images.simssa.ca/iiif/manuscripts/cdn-hsmu-m2149l4/canvas/folio-189r.json
374,189v,CF-320,https://images.simssa.ca/iiif/manuscripts/cdn-hsmu-m2149l4/canvas/folio-189v.json
375,190r,CF-213,https://images.simssa.ca/iiif/manuscripts/cdn-hsmu-m2149l4/canvas/folio-190r.json
376,190v,CF-319,https://images.simssa.ca/iiif/manuscripts/cdn-hsmu-m2149l4/canvas/folio-190v.json
377,191r,CF-214,https://images.simssa.ca/iiif/manuscripts/cdn-hsmu-m2149l4/canvas/folio-191r.json
378,191v,CF-318,https://images.simssa.ca/iiif/manuscripts/cdn-hsmu-m2149l4/canvas/folio-191v.json
379,192r,CF-215,https://images.simssa.ca/iiif/manuscripts/cdn-hsmu-m2149l4/canvas/folio-192r.json
380,192v,CF-317,https://images.simssa.ca/iiif/manuscripts/cdn-hsmu-m2149l4/canvas/folio-192v.json
381,193r,CF-216,https://images.simssa.ca/iiif/manuscripts/cdn-hsmu-m2149l4/canvas/folio-193r.json
382,193v,CF-316,https://images.simssa.ca/iiif/manuscripts/cdn-hsmu-m2149l4/canvas/folio-193v.json
383,194r,CF-219,https://images.simssa.ca/iiif/manuscripts/cdn-hsmu-m2149l4/canvas/folio-194r.json
384,194v,CF-315,https://images.simssa.ca/iiif/manuscripts/cdn-hsmu-m2149l4/canvas/folio-194v.json
385,195r,CF-220,https://images.simssa.ca/iiif/manuscripts/cdn-hsmu-m2149l4/canvas/folio-195r.json
386,195v,CF-314,https://images.simssa.ca/iiif/manuscripts/cdn-hsmu-m2149l4/canvas/folio-195v.json
387,196r,CF-221,https://images.simssa.ca/iiif/manuscripts/cdn-hsmu-m2149l4/canvas/folio-196r.json
388,196v,CF-313,https://images.simssa.ca/iiif/manuscripts/cdn-hsmu-m2149l4/canvas/folio-196v.json
389,197r,CF-222,https://images.simssa.ca/iiif/manuscripts/cdn-hsmu-m2149l4/canvas/folio-197r.json
390,197v,CF-312,https://images.simssa.ca/iiif/manuscripts/cdn-hsmu-m2149l4/canvas/folio-197v.json
391,197w,CF-223,https://images.simssa.ca/iiif/manuscripts/cdn-hsmu-m2149l4/canvas/folio-197w.json
392,A01r,CF-224,https://images.simssa.ca/iiif/manuscripts/cdn-hsmu-m2149l4/canvas/folio-A01r.json
393,A01v,CF-310,https://images.simssa.ca/iiif/manuscripts/cdn-hsmu-m2149l4/canvas/folio-A01v.json
394,A02r,CF-225,https://images.simssa.ca/iiif/manuscripts/cdn-hsmu-m2149l4/canvas/folio-A02r.json
395,A02v,CF-309,https://images.simssa.ca/iiif/manuscripts/cdn-hsmu-m2149l4/canvas/folio-A02v.json
396,A03r,CF-226,https://images.simssa.ca/iiif/manuscripts/cdn-hsmu-m2149l4/canvas/folio-A03r.json
397,A03v,CF-307,https://images.simssa.ca/iiif/manuscripts/cdn-hsmu-m2149l4/canvas/folio-A03v.json
398,A04r,CF-227,https://images.simssa.ca/iiif/manuscripts/cdn-hsmu-m2149l4/canvas/folio-A04r.json
399,A04v,CF-306,https://images.simssa.ca/iiif/manuscripts/cdn-hsmu-m2149l4/canvas/folio-A04v.json
400,A05r,CF-228,https://images.simssa.ca/iiif/manuscripts/cdn-hsmu-m2149l4/canvas/folio-A05r.json
401,A05v,CF-305,https://images.simssa.ca/iiif/manuscripts/cdn-hsmu-m2149l4/canvas/folio-A05v.json
402,A06r,CF-229,https://images.simssa.ca/iiif/manuscripts/cdn-hsmu-m2149l4/canvas/folio-A06r.json
403,A06v,CF-304,https://images.simssa.ca/iiif/manuscripts/cdn-hsmu-m2149l4/canvas/folio-A06v.json
404,A07r,CF-230,https://images.simssa.ca/iiif/manuscripts/cdn-hsmu-m2149l4/canvas/folio-A07r.json
405,A07v,CF-303,https://images.simssa.ca/iiif/manuscripts/cdn-hsmu-m2149l4/canvas/folio-A07v.json
406,A08r,CF-231,https://images.simssa.ca/iiif/manuscripts/cdn-hsmu-m2149l4/canvas/folio-A08r.json
407,A08v,CF-302,https://images.simssa.ca/iiif/manuscripts/cdn-hsmu-m2149l4/canvas/folio-A08v.json
408,A09r,CF-232,https://images.simssa.ca/iiif/manuscripts/cdn-hsmu-m2149l4/canvas/folio-A09r.json
409,A09v,CF-301,https://images.simssa.ca/iiif/manuscripts/cdn-hsmu-m2149l4/canvas/folio-A09v.json
410,A10r,CF-233,https://images.simssa.ca/iiif/manuscripts/cdn-hsmu-m2149l4/canvas/folio-A10r.json
411,A10v,CF-300,https://images.simssa.ca/iiif/manuscripts/cdn-hsmu-m2149l4/canvas/folio-A10v.json
412,A11r,CF-234,https://images.simssa.ca/iiif/manuscripts/cdn-hsmu-m2149l4/canvas/folio-A11r.json
413,A11v,CF-299,https://images.simssa.ca/iiif/manuscripts/cdn-hsmu-m2149l4/canvas/folio-A11v.json
414,A12r,CF-235,https://images.simssa.ca/iiif/manuscripts/cdn-hsmu-m2149l4/canvas/folio-A12r.json
415,A12v,CF-298,https://images.simssa.ca/iiif/manuscripts/cdn-hsmu-m2149l4/canvas/folio-A12v.json
416,A13r,CF-236,https://images.simssa.ca/iiif/manuscripts/cdn-hsmu-m2149l4/canvas/folio-A13r.json
417,A13v,CF-297,https://images.simssa.ca/iiif/manuscripts/cdn-hsmu-m2149l4/canvas/folio-A13v.json
418,A14r,CF-237,https://images.simssa.ca/iiif/manuscripts/cdn-hsmu-m2149l4/canvas/folio-A14r.json
419,A17r,CF-240,https://images.simssa.ca/iiif/manuscripts/cdn-hsmu-m2149l4/canvas/folio-A17r.json
420,A17v,CF-293,https://images.simssa.ca/iiif/manuscripts/cdn-hsmu-m2149l4/canvas/folio-A17v.json
421,A18r,CF-241,https://images.simssa.ca/iiif/manuscripts/cdn-hsmu-m2149l4/canvas/folio-A18r.json
422,A18v,CF-292,https://images.simssa.ca/iiif/manuscripts/cdn-hsmu-m2149l4/canvas/folio-A18v.json
423,A19r,CF-242,https://images.simssa.ca/iiif/manuscripts/cdn-hsmu-m2149l4/canvas/folio-A19r.json
424,A19v,CF-291,https://images.simssa.ca/iiif/manuscripts/cdn-hsmu-m2149l4/canvas/folio-A19v.json
425,A20r,CF-243,https://images.simssa.ca/iiif/manuscripts/cdn-hsmu-m2149l4/canvas/folio-A20r.json
426,A20v,CF-290,https://images.simssa.ca/iiif/manuscripts/cdn-hsmu-m2149l4/canvas/folio-A20v.json
427,A21r,CF-244,https://images.simssa.ca/iiif/manuscripts/cdn-hsmu-m2149l4/canvas/folio-A21r.json
428,A21v,CF-289,https://images.simssa.ca/iiif/manuscripts/cdn-hsmu-m2149l4/canvas/folio-A21v.json
429,A22r,CF-245,https://images.simssa.ca/iiif/manuscripts/cdn-hsmu-m2149l4/canvas/folio-A22r.json
430,A22v,CF-288,https://images.simssa.ca/iiif/manuscripts/cdn-hsmu-m2149l4/canvas/folio-A22v.json
431,A23r,CF-246,https://images.simssa.ca/iiif/manuscripts/cdn-hsmu-m2149l4/canvas/folio-A23r.json
432,A23v,CF-287,https://images.simssa.ca/iiif/manuscripts/cdn-hsmu-m2149l4/canvas/folio-A23v.json
433,A24r,CF-247,https://images.simssa.ca/iiif/manuscripts/cdn-hsmu-m2149l4/canvas/folio-A24r.json
434,A24v,CF-286,https://images.simssa.ca/iiif/manuscripts/cdn-hsmu-m2149l4/canvas/folio-A24v.json
435,A25r,CF-248,https://images.simssa.ca/iiif/manuscripts/cdn-hsmu-m2149l4/canvas/folio-A25r.json
436,A25v,CF-285,https://images.simssa.ca/iiif/manuscripts/cdn-hsmu-m2149l4/canvas/folio-A25v.json
437,A26r,CF-249,https://images.simssa.ca/iiif/manuscripts/cdn-hsmu-m2149l4/canvas/folio-A26r.json
438,A26v,CF-284,https://images.simssa.ca/iiif/manuscripts/cdn-hsmu-m2149l4/canvas/folio-A26v.json
439,A27r,CF-250,https://images.simssa.ca/iiif/manuscripts/cdn-hsmu-m2149l4/canvas/folio-A27r.json
440,A27v,CF-283,https://images.simssa.ca/iiif/manuscripts/cdn-hsmu-m2149l4/canvas/folio-A27v.json
441,A28r,CF-251,https://images.simssa.ca/iiif/manuscripts/cdn-hsmu-m2149l4/canvas/folio-A28r.json
442,A28v,CF-282,https://images.simssa.ca/iiif/manuscripts/cdn-hsmu-m2149l4/canvas/folio-A28v.json
443,A29r,CF-252,https://images.simssa.ca/iiif/manuscripts/cdn-hsmu-m2149l4/canvas/folio-A29r.json
444,A29v,CF-281,https://images.simssa.ca/iiif/manuscripts/cdn-hsmu-m2149l4/canvas/folio-A29v.json
445,A30r,CF-253,https://images.simssa.ca/iiif/manuscripts/cdn-hsmu-m2149l4/canvas/folio-A30r.json
446,A30v,CF-280,https://images.simssa.ca/iiif/manuscripts/cdn-hsmu-m2149l4/canvas/folio-A30v.json
447,A31r,CF-254,https://images.simssa.ca/iiif/manuscripts/cdn-hsmu-m2149l4/canvas/folio-A31r.json
448,A31v,CF-279,https://images.simssa.ca/iiif/manuscripts/cdn-hsmu-m2149l4/canvas/folio-A31v.json
449,A33r,CF-255,https://images.simssa.ca/iiif/manuscripts/cdn-hsmu-m2149l4/canvas/folio-A33r.json
450,A33v,CF-278,https://images.simssa.ca/iiif/manuscripts/cdn-hsmu-m2149l4/canvas/folio-A33v.json
451,A34r,CF-257,https://images.simssa.ca/iiif/manuscripts/cdn-hsmu-m2149l4/canvas/folio-A34r.json
452,A34v,CF-277,https://images.simssa.ca/iiif/manuscripts/cdn-hsmu-m2149l4/canvas/folio-A34v.json
453,A35r,CF-258,https://images.simssa.ca/iiif/manuscripts/cdn-hsmu-m2149l4/canvas/folio-A35r.json
454,A35v,CF-276,https://images.simssa.ca/iiif/manuscripts/cdn-hsmu-m2149l4/canvas/folio-A35v.json
455,A36r,CF-260,https://images.simssa.ca/iiif/manuscripts/cdn-hsmu-m2149l4/canvas/folio-A36r.json
456,A36v,CF-275,https://images.simssa.ca/iiif/manuscripts/cdn-hsmu-m2149l4/canvas/folio-A36v.json
457,A37r,CF-261,https://images.simssa.ca/iiif/manuscripts/cdn-hsmu-m2149l4/canvas/folio-A37r.json
458,A37v,CF-274,https://images.simssa.ca/iiif/manuscripts/cdn-hsmu-m2149l4/canvas/folio-A37v.json
459,A38r,CF-262,https://images.simssa.ca/iiif/manuscripts/cdn-hsmu-m2149l4/canvas/folio-A38r.json
460,A38v,CF-273,https://images.simssa.ca/iiif/manuscripts/cdn-hsmu-m2149l4/canvas/folio-A38v.json
461,A39r,CF-263,https://images.simssa.ca/iiif/manuscripts/cdn-hsmu-m2149l4/canvas/folio-A39r.json
462,A39v,CF-272,https://images.simssa.ca/iiif/manuscripts/cdn-hsmu-m2149l4/canvas/folio-A39v.json
463,A40r,CF-264,https://images.simssa.ca/iiif/manuscripts/cdn-hsmu-m2149l4/canvas/folio-A40r.json
464,A40v,CF-271,https://images.simssa.ca/iiif/manuscripts/cdn-hsmu-m2149l4/canvas/folio-A40v.json
